city,sentiment_score
New York,5.696111111111111
Istanbul,5.6000000000000005
Bangkok,5.648
Sao Paulo,5.7969230769230755
Beijing,5.718666666666666
Frankfurt,5.889333333333334
Moscow,6.178750000000001
