city,sentiment_score
moscow,5.501252182886138
new_york,5.587870297534232
bangkok,5.505278555711216
beijing,5.519039809815574
sao_paolo,5.504430401221383
istanbul,5.504516312927747
sydney,5.587491975176697
frankfurt,5.495268245100529
